month,sales_COM,sales_IND,sales_RES,sales_total,temp_avg_f,temp_max_f,temp_min_f,heating_degree_days,cooling_degree_days,month_num,year
2001-01,109034.27693504,86344.70391264,115437.08795232,310816.0688,31.37,37.938148347421865,24.801851652578137,33.629999999999995,0.0,1,2001
2001-02,95535.026104432,75654.590227512,101145.12170805602,272334.73804,33.96,41.04578643762691,26.874213562373097,31.04,0.0,2,2001
2001-03,94469.879218136,74811.095914476,100017.426287388,269298.40142,41.47,49.45236190979496,33.48763809020504,23.53,0.0,3,2001
2001-04,89240.34015586,70669.80186800999,94480.79342613,254390.93545,53.08,62.09763809020504,44.06236190979496,11.920000000000002,0.0,4,2001
2001-05,92783.264474328,73475.45858314799,98231.768602524,264490.49166,62.8,72.71421356237309,52.885786437626905,2.200000000000003,0.0,5,2001
2001-06,101734.855017372,80564.26090030199,107709.022672326,290008.13859,69.21,79.64185165257813,58.778148347421855,0.0,4.209999999999994,6,2001
2001-07,110781.957497552,87728.69952343199,117287.397419016,315798.05444,74.44,84.87185165257813,64.00814834742187,0.0,9.439999999999998,7,2001
2001-08,116533.182468936,92283.118842276,123376.351108788,332192.65242,74.28,84.1942135623731,64.36578643762691,0.0,9.280000000000001,8,2001
2001-09,103810.578657684,82208.035208394,109906.63886392201,295925.25273,65.68,74.69763809020505,56.66236190979497,0.0,0.6800000000000068,9,2001
2001-10,93859.625485956,74327.833409346,99371.336674698,267558.79557,54.36,62.34236190979496,46.37763809020504,10.64,0.0,10,2001
2001-11,88764.20919789601,70292.751753636,93976.702668468,253033.66362,47.39,54.47578643762691,40.30421356237309,17.61,0.0,11,2001
2001-12,94228.707670008,74620.11114802801,99762.092441964,268610.91126,36.12,42.68814834742186,29.551851652578133,28.880000000000003,0.0,12,2001
2002-01,102202.3273535125,80248.830986758,108516.3216697295,290967.48001,34.48,41.04814834742186,27.911851652578132,30.520000000000003,0.0,1,2002
2002-02,92634.5524173875,72736.254965738,98357.4557268745,263728.26311,36.39,43.47578643762691,29.304213562373096,28.61,0.0,2,2002
2002-03,93945.25491508751,73765.412969626,99749.13258528651,267459.80047,39.54,47.52236190979496,31.55763809020504,25.46,0.0,3,2002
2002-04,90603.66424685,71141.610247064,96201.100586086,257946.37508,53.49,62.50763809020504,44.47236190979496,11.509999999999998,0.0,4,2002
2002-05,94599.80700345,74279.36447416799,100444.122482382,269323.29396,59.27,69.1842135623731,49.355786437626904,5.729999999999997,0.0,5,2002
2002-06,104135.0075871125,81766.363252742,110568.4016501455,296469.77249,70.84,81.27185165257814,60.408148347421864,0.0,5.840000000000003,6,2002
2002-07,118471.2427365375,93023.113869714,125790.32022374851,337284.67683,75.83,86.26185165257813,65.39814834742187,0.0,10.829999999999998,7,2002
2002-08,118762.7245493625,93251.98414438199,126099.8095962555,338114.51829,72.82,82.73421356237309,62.9057864376269,0.0,7.819999999999993,8,2002
2002-09,109062.38148453749,85635.31619483398,115800.18555062849,310497.88323,66.83,75.84763809020504,57.81236190979496,0.0,1.8299999999999983,9,2002
2002-10,99817.5092332875,78376.281983034,105984.1710136785,284177.96223,51.82,59.80236190979496,43.83763809020504,13.18,0.0,10,2002
2002-11,92390.548199475,72544.663895844,98098.37708468101,263033.58918,41.95,49.03578643762691,34.864213562373095,23.049999999999997,0.0,11,2002
2002-12,100619.9166476875,79006.32885816999,106836.1506441425,286462.39615,35.08,41.64814834742186,28.511851652578134,29.92,0.0,12,2002
2003-01,107009.155874865,83307.09945560999,113946.343119525,304262.59845,32.81,39.37814834742186,26.241851652578138,32.19,0.0,1,2003
2003-02,99263.658407922,77277.19554190799,105698.72071016999,282239.57466,32.79,39.87578643762691,25.704213562373095,32.21,0.0,2,2003
2003-03,96532.30156781,75150.82220434,102790.29552785,274473.4193,43.29,51.27236190979496,35.30763809020504,21.71,0.0,3,2003
2003-04,90284.901756153,70287.193917642,96137.889416205,256709.98509,51.89,60.90763809020504,42.87236190979496,13.11,0.0,4,2003
2003-05,94532.77153436,73594.17926104,100661.1400046,268788.0908,60.96,70.8742135623731,51.0457864376269,4.039999999999999,0.0,5,2003
2003-06,102151.22361897801,79525.177784692,108773.48093633,290449.88234,68.02,78.45185165257813,57.58814834742186,0.0,3.019999999999996,6,2003
2003-07,117541.197352719,91506.34016256599,125161.15555471499,334208.69307,75.43,85.86185165257814,64.99814834742187,0.0,10.430000000000007,7,2003
2003-08,120217.84025900101,93590.118461514,128011.31980948501,341819.27853,74.62,84.5342135623731,64.70578643762691,0.0,9.620000000000005,8,2003
2003-09,107827.66940209901,83944.315843886,114817.919224015,306589.90447,64.94,73.95763809020504,55.92236190979496,0.060000000000002274,0.0,9,2003
2003-10,97554.621879275,75946.70307234999,103878.890798375,277380.21575,56.53,64.51236190979496,48.54763809020504,8.469999999999999,0.0,10,2003
2003-11,92488.90586831201,72003.020832368,98484.77465932,262976.70136,42.35,49.43578643762691,35.264213562373094,22.65,0.0,11,2003
2003-12,103342.171197672,80452.33572340799,110041.63523891999,293836.14216,35.29,41.85814834742186,28.721851652578135,29.71,0.0,12,2003
2004-01,108411.65410044901,83675.387148948,115769.423610603,307856.46486,30.36,36.92814834742186,23.791851652578135,34.64,0.0,1,2004
2004-02,100867.50480819799,77852.58499749599,107713.26191430599,286433.35172,33.57,40.65578643762691,26.484213562373096,31.43,0.0,2,2004
2004-03,97961.635529969,75609.74737198799,104610.174758043,278181.55766,47.39,55.37236190979496,39.40763809020504,17.61,0.0,3,2004
2004-04,92562.9759277745,71442.898927074,98845.1145751515,262850.98943,52.66,61.677638090205036,43.64236190979496,12.340000000000003,0.0,4,2004
2004-05,98262.46609420651,75841.937482338,104931.4223334555,279035.82591,61.9,71.8142135623731,51.9857864376269,3.1000000000000014,0.0,5,2004
2004-06,108382.0361831135,83652.52714630199,115737.79556058449,307772.35889,68.05,78.48185165257813,57.61814834742186,0.0,3.049999999999997,6,2004
2004-07,117585.365396697,90755.934445044,125565.743738259,333907.04358,72.88,83.31185165257813,62.448148347421856,0.0,7.8799999999999955,7,2004
2004-08,116535.77697958151,89945.830421838,124444.92100858051,330926.52841,70.14,80.05421356237309,60.22578643762691,0.0,5.140000000000001,8,2004
2004-09,108661.45793600401,83868.193289808,116036.181334188,308565.83256,65.64,74.65763809020504,56.62236190979496,0.0,0.6400000000000006,9,2004
2004-10,99213.5875714115,76576.04174899799,105947.09528959049,281736.72461,55.35,63.33236190979496,47.36763809020504,9.649999999999999,0.0,10,2004
2004-11,95137.8750142055,73430.283767886,101594.76898790851,270162.92777,43.99,51.07578643762691,36.904213562373094,21.009999999999998,0.0,11,2004
2004-12,105662.56439684001,81553.55673168,112833.75647148,300049.8776,35.06,41.62814834742186,28.491851652578138,29.939999999999998,0.0,12,2004
2005-01,108981.187922938,83389.46256837399,116708.158138688,309078.80863,33.39,39.95814834742186,26.821851652578136,31.61,0.0,1,2005
2005-02,98556.57276275201,75412.82850649601,105544.418250752,279513.81952,37.94,45.025786437626905,30.854213562373094,27.060000000000002,0.0,2,2005
2005-03,101122.54841483402,77376.243795582,108292.326379584,286791.11859,42.31,50.29236190979496,34.32763809020504,22.689999999999998,0.0,3,2005
2005-04,93145.614258282,71272.509151686,99749.812660032,264167.93607,52.25,61.26763809020504,43.23236190979496,12.75,0.0,4,2005
2005-05,96436.18838271602,73790.367628068,103273.694649216,273500.25066,59.54,69.4542135623731,49.6257864376269,5.460000000000001,0.0,5,2005
2005-06,112613.713333442,86168.972936366,120598.23640019199,319380.92267,69.19,79.62185165257813,58.75814834742186,0.0,4.189999999999998,6,2005
2005-07,125354.28538319201,95917.71468061599,134242.138856192,355514.13892,75.29,85.72185165257814,64.85814834742187,0.0,10.290000000000006,7,2005
2005-08,127832.903394468,97814.28626156399,136896.49552396798,362543.68518,73.18,83.0942135623731,63.265786437626915,0.0,8.180000000000007,8,2005
2005-09,116683.58515256201,89283.128968126,124956.669749312,330923.38387,67.35,76.36763809020503,58.332361909794955,0.0,2.3499999999999943,9,2005
2005-10,104943.03640178201,80299.578052186,112383.694116032,297626.30857,55.36,63.34236190979496,47.37763809020504,9.64,0.0,10,2005
2005-11,96818.83565714801,74083.158991204,103683.47233164801,274585.46698,45.0,52.08578643762691,37.91421356237309,20.0,0.0,11,2005
2005-12,108369.02662321001,82921.05326983,116052.59345695999,307342.67335,32.7,39.268148347421864,26.13185165257814,32.3,0.0,12,2005
2006-01,108245.71142536981,81057.7641913404,115562.4947132898,304865.97033,38.93,45.49814834742186,32.36185165257814,26.07,0.0,1,2006
2006-02,99788.340411701,74724.621046198,106533.454392101,281046.41585,34.83,41.915786437626906,27.744213562373094,30.17,0.0,2,2006
2006-03,102956.84033807,77097.29259586,109916.12656607,289970.2595,42.6,50.58236190979496,34.61763809020504,22.4,0.0,3,2006
2006-04,95230.0406206242,71311.2240190716,101667.03993030419,268208.30457,55.24,64.25763809020505,46.22236190979496,9.759999999999998,0.0,4,2006
2006-05,101972.56946869181,76360.23987589641,108865.3246854118,287198.13403,62.26,72.1742135623731,52.3457864376269,2.740000000000002,0.0,5,2006
2006-06,114272.47122978081,85570.7898681184,121996.6285821008,321839.88968,70.74,81.17185165257813,60.308148347421856,0.0,5.739999999999995,6,2006
2006-07,128669.04661656021,96351.39445279959,137366.3291006402,362386.77017,76.39,86.82185165257813,65.95814834742187,0.0,11.39,7,2006
2006-08,130887.10453698921,98012.3453903416,139734.3148926692,368633.76482,73.38,83.29421356237309,63.4657864376269,0.0,8.379999999999995,8,2006
2006-09,112654.18247570841,84358.9647852232,120268.9528790684,317282.10014,63.28,72.29763809020504,54.26236190979496,1.7199999999999989,0.0,9,2006
2006-10,103388.53868274081,77420.56177819839,110377.0052190608,291186.10568,52.57,60.55236190979496,44.58763809020504,12.43,0.0,10,2006
2006-11,98416.22973561002,73697.14178478,105068.59697961001,277181.9685,44.08,51.165786437626906,36.99421356237309,20.92,0.0,11,2006
2006-12,106560.30779210442,79795.6813940312,113763.1675538644,300119.15674,36.57,43.13814834742186,30.001851652578136,28.43,0.0,12,2006
2007-01,112655.8962823504,82544.58097483919,119903.2827628104,315103.76002,31.35,37.91814834742186,24.781851652578137,33.65,0.0,1,2007
2007-02,107731.971613668,78936.75118571399,114662.59185061802,301331.31465,32.41,39.495786437626904,25.324213562373092,32.59,0.0,2,2007
2007-03,104274.40776354319,76403.34486948358,110982.5957769732,291660.34841,47.64,55.62236190979496,39.65763809020504,17.36,0.0,3,2007
2007-04,98439.73805191439,72128.1992058612,104772.5697122244,275340.50697,50.54,59.55763809020504,41.52236190979496,14.46,0.0,4,2007
2007-05,104681.94855120241,76701.9558135852,111416.35450521241,292800.25887,62.31,72.2242135623731,52.39578643762691,2.6899999999999977,0.0,5,2007
2007-06,115481.3164250456,84614.8065862188,122910.46801873561,323006.59103,69.85,80.28185165257813,59.418148347421855,0.0,4.849999999999994,6,2007
2007-07,126076.6806625864,92378.18098671718,134187.4539206964,352642.31557,74.68,85.11185165257814,64.24814834742187,0.0,9.680000000000007,7,2007
2007-08,133485.39185502878,97806.64927932239,142072.7828056488,373364.82394,74.62,84.5342135623731,64.70578643762691,0.0,9.620000000000005,8,2007
2007-09,120671.78247164961,88417.9350421608,128434.84746618962,337524.56498,66.42,75.43763809020504,57.40236190979496,0.0,1.4200000000000017,9,2007
2007-10,110038.4528456648,80626.74286040038,117117.4537839348,307782.64949,56.66,64.64236190979496,48.677638090205036,8.340000000000003,0.0,10,2007
2007-11,102357.7277595632,74998.9661106936,108942.61178974321,286299.30566,43.99,51.07578643762691,36.904213562373094,21.009999999999998,0.0,11,2007
2007-12,110010.4314648728,80606.21119528438,117087.62972984281,307704.27239,33.22,39.78814834742186,26.651851652578134,31.78,0.0,12,2007
2008-01,117430.7212757796,84176.4079060008,124607.44183821959,326214.57102,30.27,36.838148347421864,23.701851652578135,34.730000000000004,0.0,1,2008
2008-02,109828.0689308206,78726.6928910188,116540.1571481606,305094.91897,34.7,41.78578643762691,27.6142135623731,30.299999999999997,0.0,2,2008
2008-03,106059.22918043961,76025.1222226808,112540.9866168796,294625.33802,41.86,49.84236190979496,33.87763809020504,23.14,0.0,3,2008
2008-04,100061.27077246441,71725.6800659112,106176.46594162441,277963.41678,50.38,59.39763809020504,41.36236190979496,14.619999999999997,0.0,4,2008
2008-05,103773.61521844781,74386.7539056844,110115.68848586781,288276.05761,59.34,69.2542135623731,49.42578643762691,5.659999999999997,0.0,5,2008
2008-06,118286.7271564552,84790.0079878096,125515.76209573519,328592.49724,69.58,80.01185165257813,59.14814834742186,0.0,4.579999999999998,6,2008
2008-07,129746.35581544742,93004.4715112452,137675.7403033074,360426.56763,74.05,84.48185165257813,63.61814834742186,0.0,9.049999999999997,7,2008
2008-08,126661.27710623141,90793.03279207721,134402.1185316914,351856.42843,72.25,82.16421356237309,62.33578643762691,0.0,7.25,8,2008
2008-09,115879.7977133868,83064.67859870639,122961.7343479068,321906.21066,65.19,74.20763809020504,56.17236190979496,0.0,0.18999999999999773,9,2008
2008-10,105028.5115209132,75286.2856626936,111447.27715639319,291762.07434,53.98,61.96236190979496,45.99763809020504,11.020000000000003,0.0,10,2008
2008-11,100193.3809054048,71820.3789344704,106316.6499201248,278330.40976,43.92,51.00578643762691,36.834213562373094,21.08,0.0,11,2008
2008-12,111203.62799142701,79712.717836846,117999.782821727,308916.12865,31.87,38.438148347421865,25.301851652578137,33.129999999999995,0.0,12,2008
2009-01,116569.39061760198,81731.08250674598,123323.49392565199,321623.96705,31.05,37.618148347421865,24.481851652578136,33.95,0.0,1,2009
2009-02,103748.98026059319,72742.22178518359,109760.26098422319,286251.46303,36.77,43.85578643762691,29.6842135623731,28.229999999999997,0.0,2,2009
2009-03,102863.3085388012,72121.24480156759,108823.2728896312,283807.82623,42.87,50.85236190979496,34.88763809020504,22.130000000000003,0.0,3,2009
2009-04,96214.64388523519,67459.62174184958,101789.3804529152,265463.64608,50.9,59.91763809020504,41.88236190979496,14.100000000000001,0.0,4,2009
2009-05,99771.02501689439,69953.13121425119,105551.8205288544,275275.97676,61.63,71.5442135623731,51.7157864376269,3.3699999999999974,0.0,5,2009
2009-06,110732.8391214292,77638.8618186116,117148.76898995921,305520.46993,68.5,78.93185165257813,58.06814834742186,0.0,3.5,6,2009
2009-07,122460.52824895759,85861.57553974478,129555.96775129759,337878.07154,72.61,83.04185165257813,62.17814834742186,0.0,7.609999999999999,7,2009
2009-08,124985.692548288,87632.06100422399,132227.441647488,344845.1952,71.87,81.7842135623731,61.95578643762691,0.0,6.8700000000000045,8,2009
2009-09,112560.56470637681,78920.34737662639,119082.39413699681,310563.30622,66.36,75.37763809020504,57.34236190979496,0.0,1.3599999999999994,9,2009
2009-10,104062.4348454912,72961.99631093758,110091.8773235712,287116.30848,50.49,58.47236190979496,42.50763809020504,14.509999999999998,0.0,10,2009
2009-11,97191.1325276476,68144.27380511479,102822.4474572376,268157.85379,45.82,52.90578643762691,38.73421356237309,19.18,0.0,11,2009
2009-12,112461.8880133996,78851.16152181079,118978.0000547896,310291.04959,29.64,36.20814834742186,23.071851652578136,35.36,0.0,12,2009
2010-01,121102.560607753,83036.06649509398,127740.135867153,331878.76297,30.67,37.23814834742186,24.101851652578137,34.33,0.0,1,2010
2010-02,108907.954761796,74674.623955608,114877.14932259601,298459.72804,31.8,38.885786437626905,24.714213562373097,33.2,0.0,2,2010
2010-03,106737.39188867499,73186.33995765,112587.618903675,292511.35075,43.56,51.54236190979496,35.57763809020504,21.439999999999998,0.0,3,2010
2010-04,97447.321901292,66816.44269581599,102788.364482892,267052.12908,53.24,62.25763809020504,44.22236190979496,11.759999999999998,0.0,4,2010
2010-05,103532.80967426,70989.06270348,109207.39502226001,283729.2674,59.86,69.77421356237309,49.94578643762691,5.140000000000001,0.0,5,2010
2010-06,120742.929004761,82789.47886267799,127360.793022561,330893.20089,70.47,80.90185165257813,60.03814834742186,0.0,5.469999999999999,6,2010
2010-07,134654.565768921,92328.23336635799,142034.920154721,369017.71929,74.7,85.13185165257813,64.26814834742187,0.0,9.700000000000003,7,2010
2010-08,135658.622711441,93016.682385318,143094.008993241,371769.31409,74.03,83.9442135623731,64.11578643762691,0.0,9.030000000000001,8,2010
2010-09,119593.178534115,82001.13255477,126148.025261115,327742.33635,66.47,75.48763809020504,57.45236190979496,0.0,1.4699999999999989,9,2010
2010-10,105032.741443632,72017.51687913599,110789.537357232,287839.79568,56.14,64.12236190979496,48.15763809020504,8.86,0.0,10,2010
2010-11,100311.035043087,68779.99717122599,105809.036415687,274900.06863,42.31,49.39578643762691,35.224213562373095,22.689999999999998,0.0,11,2010
2010-12,116420.503927394,79825.733304012,122801.45782859401,319047.69506,32.47,39.03814834742186,25.901851652578134,32.53,0.0,12,2010
2011-01,121537.9100043944,84778.50584043059,127799.237345175,334115.65319,29.71,36.27814834742186,23.141851652578136,35.29,0.0,1,2011
2011-02,108001.6164288424,75336.2935799826,113565.587981175,296903.49799,33.04,40.12578643762691,25.954213562373095,31.96,0.0,2,2011
2011-03,106236.7841825512,74105.2386696738,111709.836017775,292051.85887,43.07,51.05236190979496,35.08763809020504,21.93,0.0,3,2011
2011-04,100108.1626540048,69830.23199864519,105265.48332735,275203.87798,51.96,60.97763809020504,42.94236190979496,13.04,0.0,4,2011
2011-05,104760.2419433656,73075.27982930938,110157.22603732499,287992.74781,59.11,69.02421356237309,49.19578643762691,5.890000000000001,0.0,5,2011
2011-06,119570.5790410312,83406.19838869378,125730.554440275,328707.33187,69.8,80.23185165257813,59.36814834742186,0.0,4.799999999999997,6,2011
2011-07,134842.8903529072,94059.36606044279,141789.65680665,370691.91322,76.12,86.55185165257814,65.68814834742187,0.0,11.120000000000005,7,2011
2011-08,135580.5646551056,94573.9291719444,142565.33423295,372719.82806,74.98,84.8942135623731,65.06578643762691,0.0,9.980000000000004,8,2011
2011-09,118675.6893510416,82781.97002400839,124789.56228494999,326247.22166,66.07,75.08763809020503,57.05236190979495,0.0,1.0699999999999932,9,2011
2011-10,104811.21940799442,73110.83904933059,110210.82973267502,288132.88819,55.08,63.06236190979496,47.09763809020504,9.920000000000002,0.0,10,2011
2011-11,100119.543202076,69838.17047529899,105277.450172625,275235.16385,43.74,50.82578643762691,36.654213562373094,21.259999999999998,0.0,11,2011
2011-12,109798.8452243984,76589.94663305159,115455.40548255,301844.19734,35.4,41.96814834742186,28.831851652578134,29.6,0.0,12,2011
2012-01,112765.89381860399,80007.74684697599,118201.74353441999,310975.3842,36.12,42.68814834742186,29.551851652578133,28.880000000000003,0.0,1,2012
2012-02,104065.7480749376,73834.9668102144,109082.209594848,286982.92448,37.51,44.595786437626906,30.424213562373094,27.490000000000002,0.0,2,2012
2012-03,102886.610191685,72998.36487264,107846.231685675,283731.20675,50.4,58.38236190979496,42.41763809020504,14.600000000000001,0.0,3,2012
2012-04,98182.8470295404,69661.03051061761,102915.724879842,270759.60242,54.68,63.69763809020504,45.66236190979496,10.32,0.0,4,2012
2012-05,107686.5974319014,76403.9705126016,112877.601025497,296968.16897,63.43,73.3442135623731,53.5157864376269,1.5700000000000003,0.0,5,2012
2012-06,117909.47179106121,83657.1311632128,123593.266305726,325159.86926,70.52,80.95185165257813,60.08814834742186,0.0,5.519999999999996,6,2012
2012-07,134518.49454959118,95441.2836515328,141002.922558876,370962.70076,76.73,87.16185165257814,66.29814834742187,0.0,11.730000000000004,7,2012
2012-08,132278.233915361,93851.811873984,138654.670760655,364784.71655,73.78,83.6942135623731,63.86578643762691,0.0,8.780000000000001,8,2012
2012-09,115345.6898098002,81838.1199996288,120905.897900571,318089.70771,66.29,75.30763809020505,57.27236190979497,0.0,1.2900000000000063,9,2012
2012-10,105426.4917509504,74800.4186136576,110508.547555392,290735.45792,53.89,61.87236190979496,45.90763809020504,11.11,0.0,10,2012
2012-11,100885.20742760501,71578.36348512,105748.35183727501,278211.92275,44.01,51.095786437626906,36.92421356237309,20.990000000000002,0.0,11,2012
2012-12,107802.61947048698,76486.288504128,112999.215875385,297288.12385,35.92,42.48814834742186,29.351851652578137,29.08,0.0,12,2012
2013-01,115920.46500140961,83640.5214165864,121121.94210200402,320682.92852,32.25,38.81814834742186,25.681851652578136,32.75,0.0,1,2013
2013-02,105364.3219895644,76023.90854630459,110092.133494131,291480.36403,34.77,41.85578643762691,27.6842135623731,30.229999999999997,0.0,2,2013
2013-03,107441.26563527281,77522.4933689052,112262.27185582201,297226.03086,40.89,48.87236190979496,32.90763809020504,24.11,0.0,3,2013
2013-04,100412.60391587041,72451.07710893359,104918.22645519601,277781.90748,49.66,58.677638090205036,40.64236190979496,15.340000000000003,0.0,4,2013
2013-05,104611.7455825288,75480.8993107092,109305.78816676201,289398.43306,60.84,70.7542135623731,50.92578643762691,4.159999999999997,0.0,5,2013
2013-06,115746.13507202761,83514.7364985234,120939.789799449,320200.66137,70.38,80.81185165257813,59.948148347421856,0.0,5.3799999999999955,6,2013
2013-07,129663.21150043242,93556.3760748666,135481.34055470102,358700.92813,74.19,84.62185165257813,63.75814834742186,0.0,9.189999999999998,7,2013
2013-08,127811.95153790561,92220.6296340504,133547.012548044,353579.59372,72.97,82.88421356237309,63.05578643762691,0.0,7.969999999999999,8,2013
2013-09,116930.7754808648,84369.4944697332,122177.586309402,323477.85626,66.94,75.95763809020504,57.92236190979496,0.0,1.9399999999999977,9,2013
2013-10,106408.9611221056,76777.65087935039,111183.646718544,294370.25872,53.42,61.40236190979496,45.43763809020504,11.579999999999998,0.0,10,2013
2013-11,101754.568257594,73419.349598721,106320.406193685,281494.32405,41.61,48.69578643762691,34.52421356237309,23.39,0.0,11,2013
2013-12,114399.21485034842,82542.8881743606,119532.43180529102,316474.53483,31.06,37.62814834742186,24.491851652578134,33.94,0.0,12,2013
2014-01,122961.7990369786,90209.7496625844,128066.723590437,341238.27229,30.56,37.12814834742186,23.991851652578134,34.44,0.0,1,2014
2014-02,111323.84787603021,81671.67792781082,115945.60722615902,308941.13303,32.13,39.21578643762691,25.0442135623731,32.87,0.0,2,2014
2014-03,108962.5597143676,79939.34141669041,113486.287008942,302388.18814,40.51,48.49236190979496,32.52763809020504,24.490000000000002,0.0,3,2014
2014-04,99415.5239415562,72935.24978961481,103542.89319882901,275893.66693,51.69,60.70763809020504,42.67236190979496,13.310000000000002,0.0,4,2014
2014-05,105010.59592104639,77040.02091826561,109370.252120688,291420.86896,61.27,71.1842135623731,51.355786437626904,3.729999999999997,0.0,5,2014
2014-06,116314.8620659932,85333.28782751282,121143.83008649401,322791.97998,69.57,80.00185165257813,59.138148347421854,0.0,4.569999999999993,6,2014
2014-07,126668.1526179708,92928.88057414322,131926.951427886,351523.98462,73.27,83.70185165257813,62.83814834742186,0.0,8.269999999999996,7,2014
2014-08,126797.51735169359,93023.7877756944,132061.686912612,351882.99204,72.21,82.12421356237309,62.2957864376269,0.0,7.209999999999994,8,2014
2014-09,117797.7120640182,86421.16656836281,122688.242597619,326907.12123,66.16,75.17763809020504,57.14236190979496,0.0,1.1599999999999966,9,2014
2014-10,106905.593510696,78430.26780398401,111343.92308532001,296679.7844,56.91,64.89236190979496,48.927638090205036,8.090000000000003,0.0,10,2014
2014-11,102845.5699996704,75451.67032556162,107115.34223476802,285412.58256,39.25,46.33578643762691,32.16421356237309,25.75,0.0,11,2014
2014-12,111568.3601143622,81851.06199653882,116200.27071909902,309619.69283,36.81,43.37814834742186,30.241851652578138,28.189999999999998,0.0,12,2014
2015-01,118416.14224098402,88317.60720033302,122932.57082868302,329666.32027,33.08,39.64814834742186,26.511851652578134,31.92,0.0,1,2015
2015-02,110191.22368751201,82183.26510546902,114393.95131701902,306768.44011,32.99,40.07578643762691,25.904213562373098,32.01,0.0,2,2015
2015-03,109682.355511008,81803.738979396,113865.674749596,305351.76924,45.39,53.37236190979496,37.40763809020504,19.61,0.0,3,2015
2015-04,98950.663380584,73799.784854283,102724.672535133,275475.12077,53.22,62.23763809020504,44.20236190979496,11.780000000000001,0.0,4,2015
2015-05,103482.17923884801,77179.49837997601,107429.02182117601,288090.69944,60.82,70.7342135623731,50.9057864376269,4.18,0.0,5,2015
2015-06,117241.76570772001,87441.72893401502,121713.40320826501,326396.89785,71.33,81.76185165257813,60.89814834742186,0.0,6.329999999999998,6,2015
2015-07,130367.35363047999,97231.10812251,135339.60514701,362938.0669,73.89,84.32185165257813,63.45814834742186,0.0,8.89,7,2015
2015-08,130041.81108356001,96988.31066059502,135001.646305845,362031.76805,72.91,82.82421356237309,62.995786437626904,0.0,7.909999999999997,8,2015
2015-09,119598.4687898,89199.414779475,124159.991680725,332957.87525,68.5,77.51763809020504,59.48236190979496,0.0,3.5,9,2015
2015-10,106343.080344264,79313.227238943,110399.03858679299,296055.34617,57.24,65.22236190979496,49.25763809020504,7.759999999999998,0.0,10,2015
2015-11,99109.21715573601,73918.038073557,102889.273600707,275916.52883,44.58,51.665786437626906,37.49421356237309,20.42,0.0,11,2015
2015-12,106805.805491208,79658.338783671,110879.412215121,297343.55649,38.64,45.20814834742186,32.07185165257814,26.36,0.0,12,2015
2016-01,114750.32291817601,86471.87714870101,119667.96469312301,320890.16476,32.22,38.78814834742186,25.651851652578134,32.78,0.0,1,2016
2016-02,106137.740909592,79981.73303023576,110686.28923017225,296805.76317,39.47,46.55578643762691,32.38421356237309,25.53,0.0,2,2016
2016-03,102206.49956767201,77019.28543344076,106586.57396888726,285812.35897,47.48,55.46236190979496,39.49763809020504,17.520000000000003,0.0,3,2016
2016-04,96384.37045848,72631.9301714175,100514.9366701025,269531.2373,53.19,62.20763809020504,44.17236190979496,11.810000000000002,0.0,4,2016
2016-05,101811.452596824,76721.59169051776,106174.59720265826,284707.64149,60.31,70.2242135623731,50.39578643762691,4.689999999999998,0.0,5,2016
2016-06,117964.33888164001,88893.84849029625,123019.71777806376,329877.90515,71.74,82.17185165257813,61.308148347421856,0.0,6.739999999999995,6,2016
2016-07,133088.803058256,100291.1219354685,138792.3430662755,372172.26806,75.2,85.63185165257813,64.76814834742187,0.0,10.200000000000003,7,2016
2016-08,136314.37654286402,102721.80262552651,142156.1489716095,381192.32814,73.51,83.4242135623731,63.59578643762691,0.0,8.510000000000005,8,2016
2016-09,120422.545985784,90746.26839910276,125583.27170511325,336752.08609,67.1,76.11763809020503,58.082361909794955,0.0,2.0999999999999943,9,2016
2016-10,106093.007777952,79948.023688377,110639.639053671,296680.67052,57.7,65.68236190979496,49.71763809020504,7.299999999999997,0.0,10,2016
2016-11,99168.552176736,74729.993282511,103418.434900753,277316.98036,47.95,55.03578643762691,40.864213562373095,17.049999999999997,0.0,11,2016
2016-12,111114.26794250401,83731.87179476026,115876.08605273574,310722.22579,32.95,39.518148347421864,26.38185165257814,32.05,0.0,12,2016
2017-01,113271.07574179998,86241.9243815025,118664.1789266975,318177.17905,33.57,40.13814834742186,27.001851652578136,31.43,0.0,1,2017
2017-02,98176.66022019999,74749.3925637225,102851.0826660775,275777.13545,41.16,48.245786437626904,34.07421356237309,23.840000000000003,0.0,2,2017
2017-03,103753.93478624,78995.797819692,108693.904434068,291443.63704,46.13,54.11236190979496,38.14763809020504,18.869999999999997,0.0,3,2017
2017-04,97117.21215544,73942.753805427,101741.191779133,272801.15774,53.78,62.79763809020504,44.76236190979496,11.219999999999999,0.0,4,2017
2017-05,103905.9114034,79111.5092300325,108853.1170165675,291870.53765,60.55,70.46421356237309,50.635786437626905,4.450000000000003,0.0,5,2017
2017-06,116975.41079047999,89062.317681909,122544.886107611,328582.61458,70.32,80.75185165257813,59.888148347421854,0.0,5.319999999999993,6,2017
2017-07,130870.23568959998,99641.50950468,137101.27640571998,367613.0216,75.69,86.12185165257813,65.25814834742187,0.0,10.689999999999998,7,2017
2017-08,128253.49242096,97649.182923318,134359.943815722,360262.61916,72.0,81.91421356237309,62.08578643762691,0.0,7.0,8,2017
2017-09,114534.38842052,87203.7808465785,119987.6409029015,321725.81017,66.25,75.26763809020504,57.23236190979496,0.0,1.25,9,2017
2017-10,106636.05453112001,81190.17578837101,111713.24870050901,299539.47902,55.69,63.67236190979496,47.70763809020504,9.310000000000002,0.0,10,2017
2017-11,100871.5321958,76801.2044990775,105674.2638551225,283347.00055,45.03,52.11578643762691,37.94421356237309,19.97,0.0,11,2017
2017-12,111148.81838488001,84626.087705679,116440.87588944101,312215.78198,34.29,40.85814834742186,27.721851652578135,30.71,0.0,12,2017
2018-01,122082.89239684,93913.22951379376,128481.56543936626,344477.68735,32.16,38.72814834742186,25.591851652578132,32.84,0.0,1,2018
2018-02,103744.32204499199,79806.13938350999,109181.824251498,292732.28568,35.51,42.595786437626906,28.424213562373094,29.490000000000002,0.0,2,2018
2018-03,105256.55344746399,80969.43533751374,110773.31552502225,296999.30431,42.73,50.71236190979496,34.74763809020504,22.270000000000003,0.0,3,2018
2018-04,98689.054844424,75917.33514943876,103861.59771613726,278467.98771,49.01,58.02763809020504,39.99236190979496,15.990000000000002,0.0,4,2018
2018-05,107471.09386154401,82672.98804741376,113103.92560104225,303248.00751,65.5,75.41421356237309,55.58578643762691,0.0,0.5,5,2018
2018-06,119816.610036392,92169.87390285375,126096.50149075425,338082.98543,71.53,81.96185165257813,61.09814834742186,0.0,6.530000000000001,6,2018
2018-07,132908.302574872,102240.76182131626,139874.36273381175,375023.42713,75.43,85.86185165257814,64.99814834742187,0.0,10.430000000000007,7,2018
2018-08,135072.695038096,103905.7378238175,142152.1964780865,381130.62934,73.49,83.40421356237309,63.5757864376269,0.0,8.489999999999995,8,2018
2018-09,119525.847252192,91946.202333885,125790.499093923,337262.54868,67.51,76.52763809020504,58.492361909794965,0.0,2.510000000000005,9,2018
2018-10,109549.855222168,84272.09164769626,115291.64010013576,309113.58697,53.71,61.69236190979496,45.72763809020504,11.29,0.0,10,2018
2018-11,102955.716158488,79199.49807479624,108351.88553671574,290507.09977,40.01,47.095786437626906,32.92421356237309,24.990000000000002,0.0,11,2018
2018-12,110622.313564224,85097.08870047,116420.308695306,312139.71096,35.51,42.07814834742186,28.941851652578134,29.490000000000002,0.0,12,2018
2019-01,115933.343766912,90104.656635168,122571.25063792,328609.25104,32.56,39.12814834742186,25.991851652578138,32.44,0.0,1,2019
2019-02,104357.426171544,81107.72748366599,110332.53957478999,295797.69323,31.84,38.925786437626904,24.754213562373096,33.16,0.0,2,2019
2019-03,106493.63014332,82768.00846173,112591.05454495,301852.69315,40.28,48.26236190979496,32.29763809020504,24.72,0.0,3,2019
2019-04,96631.862726448,75103.335486372,102164.63944718,273899.83766,52.83,61.84763809020504,43.81236190979496,12.170000000000002,0.0,4,2019
2019-05,104711.65251372001,81383.03605233,110707.04758395,296801.73615,59.49,69.4042135623731,49.5757864376269,5.509999999999998,0.0,5,2019
2019-06,113411.654219304,88144.77207180599,119905.17863889,321461.60493,68.7,79.13185165257813,58.268148347421864,0.0,3.700000000000003,6,2019
2019-07,132686.25275001602,103125.19984142401,140283.36812856002,376094.82072,74.59,85.02185165257814,64.15814834742187,0.0,9.590000000000003,7,2019
2019-08,131444.137967688,102159.81471298201,138970.13452933,372574.08721,73.72,83.63421356237309,63.80578643762691,0.0,8.719999999999999,8,2019
2019-09,120115.27625277599,93354.900080814,126992.62483641,340462.80117,68.41,77.42763809020504,59.39236190979496,0.0,3.4099999999999966,9,2019
2019-10,108747.49729687201,84519.738545358,114973.96964777,308241.20549,52.03,60.01236190979496,44.04763809020504,12.969999999999999,0.0,10,2019
2019-11,100735.70423767199,78292.88577655799,106503.45147577,285532.04149,41.09,48.17578643762691,34.004213562373096,23.909999999999997,0.0,11,2019
2019-12,109305.44531424,84953.38181736,115563.8636684,309822.6908,36.43,42.99814834742186,29.861851652578135,28.57,0.0,12,2019
2020-01,107281.1485116,86424.43110978599,121827.21011861399,315532.78974,35.53,42.09814834742186,28.961851652578137,29.47,0.0,1,2020
2020-02,100184.19765580002,80707.21099389301,113767.99622030702,294659.40487,36.16,43.245786437626904,29.074213562373092,28.840000000000003,0.0,2,2020
2020-03,98563.88530880002,79401.90642964799,111927.98858155201,289893.78032,46.08,54.06236190979496,38.09763809020504,18.92,0.0,3,2020
2020-04,89216.19100860001,71871.513874281,101312.856907119,262400.56179,50.86,59.87763809020504,41.84236190979496,14.14,0.0,4,2020
2020-05,93400.40760800001,75242.26954068,106064.40405132,274707.0812,60.89,70.80421356237309,50.97578643762691,4.109999999999999,0.0,5,2020
2020-06,108818.94612260001,87663.262773471,123573.51499392901,320055.72389,70.27,80.70185165257813,59.83814834742186,0.0,5.269999999999996,6,2020
2020-07,129040.21395700001,103953.27824359499,146536.548849405,379530.04105,75.63,86.06185165257813,65.19814834742186,0.0,10.629999999999995,7,2020
2020-08,125420.7314178,101037.46569216298,142426.30706003698,368884.50417,74.68,84.5942135623731,64.76578643762691,0.0,9.680000000000007,8,2020
2020-09,109668.53452880002,88347.681198348,124538.29759285202,322554.51332,65.89,74.90763809020504,56.87236190979496,0.0,0.8900000000000006,9,2020
2020-10,100938.03636360001,81314.494588206,114624.046588194,296876.57754,54.28,62.26236190979496,46.29763809020504,10.719999999999999,0.0,10,2020
2020-11,94264.72832300002,75938.55614020501,107045.91648679502,277249.20095,46.31,53.39578643762691,39.224213562373095,18.689999999999998,0.0,11,2020
2020-12,107212.30269020001,86368.96972601699,121749.029613783,315330.30203,35.71,42.27814834742186,29.141851652578136,29.29,0.0,12,2020
2021-01,110884.13440684798,88765.176891072,121847.16422208,321496.47552,34.59,41.158148347421864,28.02185165257814,30.409999999999997,0.0,1,2021
2021-02,103365.85209215198,82746.627319928,113585.55506792,299698.03448,30.61,37.69578643762691,23.524213562373095,34.39,0.0,2,2021
2021-03,101864.491089779,81544.75497213099,111935.75564809,295345.00171,45.52,53.50236190979496,37.53763809020504,19.479999999999997,0.0,3,2021
2021-04,94081.37238836,75314.19807604,103383.12593560001,272778.6964,51.85,60.86763809020504,42.83236190979496,13.149999999999999,0.0,4,2021
2021-05,100041.90162290199,80085.732206678,109932.96815042,290060.60198,60.33,70.24421356237309,50.415786437626906,4.670000000000002,0.0,5,2021
2021-06,116719.46461373499,93436.486459415,128259.42907684999,338415.38015,72.57,83.00185165257813,62.138148347421854,0.0,7.569999999999993,6,2021
2021-07,128974.768349243,103247.12537322701,141726.40534753,373948.29907,75.4,85.83185165257814,64.96814834742187,0.0,10.400000000000006,7,2021
2021-08,131420.455863375,105204.95176537501,144413.89612125,381039.30375,73.96,83.87421356237309,64.0457864376269,0.0,8.959999999999994,8,2021
2021-09,116039.539211103,92892.191290767,127512.27996813,336444.01047,67.78,76.79763809020504,58.76236190979496,0.0,2.780000000000001,9,2021
2021-10,104203.764620287,83417.394640943,114506.31136877,302127.47063,56.95,64.93236190979496,48.96763809020504,8.049999999999997,0.0,10,2021
2021-11,99032.447692429,79277.64223798101,108823.71027959001,287133.80021,45.07,52.15578643762691,37.98421356237309,19.93,0.0,11,2021
2021-12,106017.83796811999,84869.60006668,116499.7407652,307387.1788,39.34,45.908148347421864,32.77185165257814,25.659999999999997,0.0,12,2021
2022-01,116531.545542153,92453.10064809,129671.400139757,338656.04633,31.17,37.73814834742186,24.601851652578137,33.83,0.0,1,2022
2022-02,105247.482565932,83500.61825196001,117114.969702108,305863.07052,33.66,40.745786437626904,26.574213562373092,31.340000000000003,0.0,2,2022
2022-03,104709.639266613,83073.90735189001,116516.480311497,304300.02693,44.08,52.06236190979496,36.09763809020504,20.92,0.0,3,2022
2022-04,98045.39944523401,77786.67262002,109100.79467474601,284932.86674,50.67,59.68763809020504,41.65236190979496,14.329999999999998,0.0,4,2022
2022-05,106566.72186107699,84547.26843381,118582.963675113,309696.95397,61.92,71.8342135623731,52.00578643762691,3.0799999999999983,0.0,5,2022
2022-06,119439.28895819401,94760.02872882002,132907.01465298602,347106.33234,70.79,81.22185165257814,60.35814834742187,0.0,5.790000000000006,6,2022
2022-07,133928.597524593,106255.46970129001,149030.107504117,389214.17473,76.39,86.82185165257813,65.95814834742187,0.0,11.39,7,2022
2022-08,134070.40373943,106367.97506790001,149187.90349267,389626.2823,74.59,84.5042135623731,64.67578643762691,0.0,9.590000000000003,8,2022
2022-09,117181.13558831101,92968.46851383001,130394.23660785901,340543.84071,68.02,77.03763809020504,59.002361909794956,0.0,3.019999999999996,9,2022
2022-10,102265.124378574,81134.49275022,113796.327011206,297195.94414,55.18,63.16236190979496,47.19763809020504,9.82,0.0,10,2022
2022-11,100565.890457097,79786.36470441,111905.491008493,292257.74617,40.96,48.04578643762691,33.87421356237309,24.04,0.0,11,2022
2022-12,112787.647432686,89482.78915758,125505.347869734,327775.78446,33.12,39.68814834742186,26.551851652578133,31.880000000000003,0.0,12,2022
2023-01,111129.10124359501,90595.43714851199,123690.106537893,325414.64493,35.08,41.64814834742186,28.511851652578134,29.92,0.0,1,2023
2023-02,100040.94360032,81556.07232307199,111348.646156608,292945.66208,36.34,43.42578643762691,29.2542135623731,28.659999999999997,0.0,2,2023
2023-03,104654.02134326001,85316.777575296,116483.143521444,306453.94244,40.53,48.51236190979496,32.54763809020504,24.47,0.0,3,2023
2023-04,95897.00701126501,78177.823578144,106736.317320591,280811.14791,51.28,60.29763809020504,42.26236190979496,13.719999999999999,0.0,4,2023
2023-05,102007.95201498501,83159.630573856,113537.98700115901,298705.56959,62.37,72.2842135623731,52.4557864376269,2.6300000000000026,0.0,5,2023
2023-06,112284.545566475,91537.38648815999,124976.151595365,328798.08365,68.99,79.42185165257813,58.558148347421856,0.0,3.989999999999995,6,2023
2023-07,132247.96060880003,107812.10024448,147196.04634672002,387256.1072,75.65,86.08185165257814,65.21814834742187,0.0,10.650000000000006,7,2023
2023-08,134016.90562466002,109254.19187673599,149164.936538604,392436.03404,74.35,84.26421356237309,64.4357864376269,0.0,9.349999999999994,8,2023
2023-09,118321.704721025,96459.04127183999,131695.695357135,346476.44135,67.75,76.76763809020504,58.73236190979496,0.0,2.75,9,2023
2023-10,105204.33706422,85765.409776512,117095.661839268,308065.40868,56.03,64.01236190979496,48.04763809020504,8.969999999999999,0.0,10,2023
2023-11,100485.85782215501,81918.778382688,111843.849365157,294248.48557,44.22,51.30578643762691,37.13421356237309,20.78,0.0,11,2023
2023-12,106767.18657054001,87039.486797184,118835.161392276,312641.83476,39.76,46.32814834742186,33.19185165257814,25.240000000000002,0.0,12,2023
2024-01,116863.61738480002,96584.34260332001,130268.56173188,343716.52172,31.86,38.42814834742186,25.291851652578135,33.14,0.0,1,2024
2024-02,103107.8365554,85215.59432961002,114934.91192499,303258.34281,40.78,47.86578643762691,33.69421356237309,24.22,0.0,2,2024
2024-03,101074.6139012,83535.19560658,112668.46667221999,297278.27618,44.94,52.92236190979496,36.95763809020504,20.060000000000002,0.0,3,2024
2024-04,97327.31101060001,80438.15998229002,108491.32609711001,286256.79709,53.6,62.61763809020504,44.58236190979496,11.399999999999999,0.0,4,2024
2024-05,106746.89406080001,88223.16832672001,118991.39073248001,313961.45312,62.26,72.1742135623731,52.3457864376269,2.740000000000002,0.0,5,2024
2024-06,120999.86895680001,100002.83287312002,134879.26569008,355881.96752,71.8,82.23185165257813,61.36814834742186,0.0,6.799999999999997,6,2024
2024-07,135276.6791244,111802.19657046,150793.70996514,397872.58566,75.7,86.13185165257813,65.26814834742187,0.0,10.700000000000003,7,2024
2024-08,134027.8170154,110770.04876861001,149401.59602599,394199.46181,74.01,83.9242135623731,64.09578643762691,0.0,9.010000000000005,8,2024
2024-09,116644.03988360001,96402.86825674001,130023.79739966,343070.70554,68.61,77.62763809020504,59.59236190979496,0.0,3.6099999999999994,9,2024
2024-10,107406.67377800001,88768.4568577,119726.8510643,315901.9817,58.95,66.93236190979496,50.96763809020504,6.049999999999997,0.0,10,2024
2024-11,100570.6545044,83118.68798746,112106.70016814,295796.04266,45.14,52.22578643762691,38.05421356237309,19.86,0.0,11,2024
2024-12,111583.81657880002,92220.74252542002,124383.13671578001,328187.69582,38.16,44.72814834742186,31.591851652578132,26.840000000000003,0.0,12,2024
2025-01,123201.55481440002,101822.46147896002,137333.49786664,362357.51416,29.19,35.758148347421866,22.621851652578137,35.81,0.0,1,2025
2025-02,109083.00026140001,90153.89139251,121595.46205609,320832.35371,34.77,41.85578643762691,27.6842135623731,30.229999999999997,0.0,2,2025
2025-03,104560.80154160001,86416.42715644001,116554.54054196,307531.76924,46.89,54.87236190979496,38.90763809020504,18.11,0.0,3,2025
2025-04,100318.5691646,82910.34686839,111825.69915700999,295054.61519,53.6,62.61763809020504,44.58236190979496,11.399999999999999,0.0,4,2025
2025-05,106312.52040700002,87864.17127755002,118507.19186545002,312683.88355,61.72,71.63421356237309,51.80578643762691,3.280000000000001,0.0,5,2025
2025-06,121502.4490824,100418.20056516,135439.49471244,357360.14436,71.2,81.63185165257813,60.768148347421864,0.0,6.200000000000003,6,2025
2025-07,138458.3631592,114431.76484628001,154340.35187452,407230.47988,75.42,85.85185165257813,64.98814834742187,0.0,10.420000000000002,7,2025
2025-08,133378.5285218,110233.43092537,148677.83032282998,392289.78977,73.38,83.29421356237309,63.4657864376269,0.0,8.379999999999995,8,2025
2025-09,117436.76020051313,94996.24447440523,130339.52400764,342772.52868255833,68.03999999999999,77.05763809020505,59.02236190979496,0.0,3.039999999999999,9,2025
2025-10,105162.86236637125,85089.33140074254,116717.34265021431,306969.53641732805,56.7775,64.75986190979496,48.79513809020504,8.222499999999998,0.0,10,2025
2025-11,100581.0614215995,81362.97402950199,111633.14577911727,293577.18123021873,43.8475,50.933286437626904,36.76171356237309,21.1525,0.0,11,2025
2025-12,109790.0306140002,88808.33576213429,121861.83181639052,320460.1981925251,37.595,44.16314834742186,31.026851652578134,27.405,0.0,12,2025
2026-01,116300.60063175099,94514.32427276074,129204.95683014824,340019.88173465995,32.378,38.94614834742187,25.809851652578136,32.622,0.0,1,2026
2026-02,104733.2718897056,85092.99792733451,116342.70348852655,306168.97330556664,35.232,42.31778643762691,28.146213562373095,29.768,0.0,2,2026
2026-03,103975.7209234899,84467.28077224012,115501.52879018658,303944.5304859166,44.392,52.374361909794956,36.409638090205036,20.607999999999997,0.0,3,2026
